{
  "mae": 20.177884615384617,
  "rmse": 45.92934582260352,
  "num_samples": 208
}