{
  "mae": 8.403846153846153,
  "rmse": 12.48614616900852,
  "num_samples": 104
}