{
  "mae": 9.371024734982333,
  "rmse": 15.001531135046173,
  "num_samples": 283
}