{
  "mae": 16.217391304347824,
  "rmse": 21.440108695376644,
  "num_samples": 115
}