{
  "mae": 14.696969696969697,
  "rmse": 17.859439967692044,
  "num_samples": 99
}