{
  "mae": 10.513043478260869,
  "rmse": 17.83401732400873,
  "num_samples": 230
}