{
  "mae": 24.40721649484536,
  "rmse": 53.39441841171953,
  "num_samples": 194
}