{
  "mae": 11.555555555555555,
  "rmse": 16.326316519996514,
  "num_samples": 288
}