{
  "mae": 18.806451612903224,
  "rmse": 31.93676547879124,
  "num_samples": 186
}