{
  "mae": 28.25625,
  "rmse": 49.69349806564235,
  "num_samples": 160
}