{
  "mae": 7.581976112920739,
  "rmse": 17.736734426040535,
  "num_samples": 921
}