{
  "mae": 20.03846153846154,
  "rmse": 44.75811056711913,
  "num_samples": 208
}