{
  "mae": 17.641414141414142,
  "rmse": 27.402075420919076,
  "num_samples": 198
}