{
  "mae": 11.493055555555555,
  "rmse": 15.649148006627497,
  "num_samples": 288
}