{
  "mae": 5.726950354609929,
  "rmse": 9.668806317371182,
  "num_samples": 282
}